品牌,相关商品总数,相关店铺总数,店铺名称,店铺链接,店铺相关商品数
阿迪达斯,187124,216,adidas官方旗舰店,https://store.taobao.com/shop/view_shop.htm?user_number_id=446338500&rn=732ff024c09d0b4bd705588c400e39fd,6928
阿迪达斯,187124,216,腾吉运动户外专营店,https://store.taobao.com/shop/view_shop.htm?user_number_id=384661685&rn=732ff024c09d0b4bd705588c400e39fd,2259
阿迪达斯,187124,216,尚动运动户外专营店,https://store.taobao.com/shop/view_shop.htm?user_number_id=392193281&rn=732ff024c09d0b4bd705588c400e39fd,3006
阿迪达斯,187124,216,幸运叶子官方旗舰店,https://store.taobao.com/shop/view_shop.htm?user_number_id=1993730769&rn=732ff024c09d0b4bd705588c400e39fd,6094
阿迪达斯,187124,216,开心购物运动专营店,https://store.taobao.com/shop/view_shop.htm?user_number_id=133227658&rn=732ff024c09d0b4bd705588c400e39fd,8054
阿迪达斯,187124,216,谋飞运动专营店,https://store.taobao.com/shop/view_shop.htm?user_number_id=2942806244&rn=732ff024c09d0b4bd705588c400e39fd,970
阿迪达斯,187124,216,上下运动专营店,https://store.taobao.com/shop/view_shop.htm?user_number_id=685174260&rn=732ff024c09d0b4bd705588c400e39fd,741
阿迪达斯,187124,216,西街网官方旗舰店,https://store.taobao.com/shop/view_shop.htm?user_number_id=587305713&rn=732ff024c09d0b4bd705588c400e39fd,1501
阿迪达斯,187124,216,炫动运动户外专营店,https://store.taobao.com/shop/view_shop.htm?user_number_id=612456912&rn=732ff024c09d0b4bd705588c400e39fd,3509
阿迪达斯,187124,216,徐氏运动专营店,https://store.taobao.com/shop/view_shop.htm?user_number_id=320868932&rn=732ff024c09d0b4bd705588c400e39fd,308
阿迪达斯,187124,216,天猫国际进口超市国内现货,https://store.taobao.com/shop/view_shop.htm?user_number_id=2807304908&rn=732ff024c09d0b4bd705588c400e39fd,739
阿迪达斯,187124,216,西街驰宇户外专营店,https://store.taobao.com/shop/view_shop.htm?user_number_id=838658344&rn=732ff024c09d0b4bd705588c400e39fd,1086
阿迪达斯,187124,216,adidas健身猎涉专卖店,https://store.taobao.com/shop/view_shop.htm?user_number_id=2943098300&rn=732ff024c09d0b4bd705588c400e39fd,150
阿迪达斯,187124,216,holic运动专营店,https://store.taobao.com/shop/view_shop.htm?user_number_id=3190386149&rn=732ff024c09d0b4bd705588c400e39fd,225
阿迪达斯,187124,216,天猫国际时尚直营,https://store.taobao.com/shop/view_shop.htm?user_number_id=2200657715182&rn=732ff024c09d0b4bd705588c400e39fd,736
阿迪达斯,187124,216,T-moro官方旗舰店,https://store.taobao.com/shop/view_shop.htm?user_number_id=1819965801&rn=732ff024c09d0b4bd705588c400e39fd,74
阿迪达斯,187124,216,风驰运动专营店,https://store.taobao.com/shop/view_shop.htm?user_number_id=772352677&rn=732ff024c09d0b4bd705588c400e39fd,9444
阿迪达斯,187124,216,adidas菲道专卖店,https://store.taobao.com/shop/view_shop.htm?user_number_id=2993474289&rn=732ff024c09d0b4bd705588c400e39fd,71
阿迪达斯,187124,216,文石运动户外专营店,https://store.taobao.com/shop/view_shop.htm?user_number_id=1761446060&rn=732ff024c09d0b4bd705588c400e39fd,2683
阿迪达斯,187124,216,亦可运动专营店,https://store.taobao.com/shop/view_shop.htm?user_number_id=369075622&rn=732ff024c09d0b4bd705588c400e39fd,2242
阿迪达斯,187124,216,天猫国际进口超市,https://store.taobao.com/shop/view_shop.htm?user_number_id=2549841410&rn=0d4646bad87b6b98ead1adca1ce4b387,22
阿迪达斯,187124,216,胜道官方旗舰店,https://store.taobao.com/shop/view_shop.htm?user_number_id=1600687454&rn=0d4646bad87b6b98ead1adca1ce4b387,3436
阿迪达斯,187124,216,贝拉维母婴专营店,https://store.taobao.com/shop/view_shop.htm?user_number_id=2207498612&rn=0d4646bad87b6b98ead1adca1ce4b387,842
阿迪达斯,187124,216,sanse旗舰店,https://store.taobao.com/shop/view_shop.htm?user_number_id=848014414&rn=0d4646bad87b6b98ead1adca1ce4b387,2089
阿迪达斯,187124,216,育泰运动专营店,https://store.taobao.com/shop/view_shop.htm?user_number_id=1901581493&rn=0d4646bad87b6b98ead1adca1ce4b387,1762
阿迪达斯,187124,216,名冠运动品牌专营店,https://store.taobao.com/shop/view_shop.htm?user_number_id=94092459&rn=0d4646bad87b6b98ead1adca1ce4b387,4953
阿迪达斯,187124,216,好孩子星站旗舰店,https://store.taobao.com/shop/view_shop.htm?user_number_id=2094337838&rn=0d4646bad87b6b98ead1adca1ce4b387,275
阿迪达斯,187124,216,亦有运动专营店,https://store.taobao.com/shop/view_shop.htm?user_number_id=2077026275&rn=0d4646bad87b6b98ead1adca1ce4b387,341
阿迪达斯,187124,216,solestage海外专营店,https://store.taobao.com/shop/view_shop.htm?user_number_id=2151885546&rn=0d4646bad87b6b98ead1adca1ce4b387,158
阿迪达斯,187124,216,TOPSPORTS旗舰店,https://store.taobao.com/shop/view_shop.htm?user_number_id=325718097&rn=0d4646bad87b6b98ead1adca1ce4b387,3385
阿迪达斯,187124,216,微能量运动旗舰店,https://store.taobao.com/shop/view_shop.htm?user_number_id=2566697133&rn=0d4646bad87b6b98ead1adca1ce4b387,2361
阿迪达斯,187124,216,adidas儿童官方旗舰店,https://store.taobao.com/shop/view_shop.htm?user_number_id=4085990900&rn=0d4646bad87b6b98ead1adca1ce4b387,712
阿迪达斯,187124,216,StadiumGoods海外旗舰店,https://store.taobao.com/shop/view_shop.htm?user_number_id=2914266524&rn=0d4646bad87b6b98ead1adca1ce4b387,1322
阿迪达斯,187124,216,天猫国际海外仓直购,https://store.taobao.com/shop/view_shop.htm?user_number_id=4066234693&rn=0d4646bad87b6b98ead1adca1ce4b387,1183
阿迪达斯,187124,216,kidsource601童装旗舰店,https://store.taobao.com/shop/view_shop.htm?user_number_id=3022047177&rn=0d4646bad87b6b98ead1adca1ce4b387,420
阿迪达斯,187124,216,蓓贝翔母婴专营店,https://store.taobao.com/shop/view_shop.htm?user_number_id=2182764670&rn=0d4646bad87b6b98ead1adca1ce4b387,876
阿迪达斯,187124,216,点看运动服饰品类店,https://store.taobao.com/shop/view_shop.htm?user_number_id=113484749&rn=0d4646bad87b6b98ead1adca1ce4b387,3279
阿迪达斯,187124,216,锦F运动专营店,https://store.taobao.com/shop/view_shop.htm?user_number_id=2235968398&rn=0d4646bad87b6b98ead1adca1ce4b387,1568
阿迪达斯,187124,216,INTERSPORT旗舰店,https://store.taobao.com/shop/view_shop.htm?user_number_id=2978259752&rn=0d4646bad87b6b98ead1adca1ce4b387,6928
阿迪达斯,187124,216,乐尹运动专营店,https://store.taobao.com/shop/view_shop.htm?user_number_id=1102206767&rn=0d4646bad87b6b98ead1adca1ce4b387,1776
阿迪达斯,187124,216,飙举运动专营店,https://store.taobao.com/shop/view_shop.htm?user_number_id=1613092465&rn=d78e2543fbd397e62785c41ddaa0a8fb,1816
阿迪达斯,187124,216,viatorino海外专营店,https://store.taobao.com/shop/view_shop.htm?user_number_id=3040241921&rn=d78e2543fbd397e62785c41ddaa0a8fb,363
阿迪达斯,187124,216,诚岭运动专营店,https://store.taobao.com/shop/view_shop.htm?user_number_id=559933948&rn=d78e2543fbd397e62785c41ddaa0a8fb,200
阿迪达斯,187124,216,奔策运动专营店,https://store.taobao.com/shop/view_shop.htm?user_number_id=1769825515&rn=d78e2543fbd397e62785c41ddaa0a8fb,138
阿迪达斯,187124,216,利和运动专营店,https://store.taobao.com/shop/view_shop.htm?user_number_id=2201262702211&rn=d78e2543fbd397e62785c41ddaa0a8fb,433
阿迪达斯,187124,216,锐力运动户外专营店,https://store.taobao.com/shop/view_shop.htm?user_number_id=205919815&rn=d78e2543fbd397e62785c41ddaa0a8fb,2899
阿迪达斯,187124,216,法雅运动专营店,https://store.taobao.com/shop/view_shop.htm?user_number_id=2397808261&rn=d78e2543fbd397e62785c41ddaa0a8fb,2421
阿迪达斯,187124,216,芷兮童装专营店,https://store.taobao.com/shop/view_shop.htm?user_number_id=1775206733&rn=d78e2543fbd397e62785c41ddaa0a8fb,505
阿迪达斯,187124,216,环动童鞋旗舰店,https://store.taobao.com/shop/view_shop.htm?user_number_id=2841464743&rn=d78e2543fbd397e62785c41ddaa0a8fb,446
阿迪达斯,187124,216,百丽儿童运动专营店,https://store.taobao.com/shop/view_shop.htm?user_number_id=1974964452&rn=d78e2543fbd397e62785c41ddaa0a8fb,757
阿迪达斯,187124,216,yysports官方旗舰店,https://store.taobao.com/shop/view_shop.htm?user_number_id=1808940384&rn=d78e2543fbd397e62785c41ddaa0a8fb,2220
阿迪达斯,187124,216,速捷运动专营店,https://store.taobao.com/shop/view_shop.htm?user_number_id=725704393&rn=d78e2543fbd397e62785c41ddaa0a8fb,152
阿迪达斯,187124,216,同怡运动专营店,https://store.taobao.com/shop/view_shop.htm?user_number_id=474975578&rn=d78e2543fbd397e62785c41ddaa0a8fb,644
阿迪达斯,187124,216,SneakerCenter运动专营店,https://store.taobao.com/shop/view_shop.htm?user_number_id=2648962620&rn=d78e2543fbd397e62785c41ddaa0a8fb,44
阿迪达斯,187124,216,热点运动专营店,https://store.taobao.com/shop/view_shop.htm?user_number_id=604339413&rn=d78e2543fbd397e62785c41ddaa0a8fb,3649
阿迪达斯,187124,216,格高运动专营店,https://store.taobao.com/shop/view_shop.htm?user_number_id=420099097&rn=d78e2543fbd397e62785c41ddaa0a8fb,511
阿迪达斯,187124,216,麦巨鞋类专营店,https://store.taobao.com/shop/view_shop.htm?user_number_id=738840638&rn=d78e2543fbd397e62785c41ddaa0a8fb,10671
阿迪达斯,187124,216,优购官方旗舰店,https://store.taobao.com/shop/view_shop.htm?user_number_id=834807033&rn=d78e2543fbd397e62785c41ddaa0a8fb,2955
阿迪达斯,187124,216,阿迪达斯洗护旗舰店,https://store.taobao.com/shop/view_shop.htm?user_number_id=3608420627&rn=d78e2543fbd397e62785c41ddaa0a8fb,123
阿迪达斯,187124,216,锐豪运动户外专营店,https://store.taobao.com/shop/view_shop.htm?user_number_id=1690411546&rn=d78e2543fbd397e62785c41ddaa0a8fb,1684
阿迪达斯,187124,216,sneakerhead海外旗舰店,https://store.taobao.com/shop/view_shop.htm?user_number_id=1792368114&rn=3ea8748a52b1d2877d16fadcc95765b3,621
阿迪达斯,187124,216,foss旗舰店,https://store.taobao.com/shop/view_shop.htm?user_number_id=2110961644&rn=3ea8748a52b1d2877d16fadcc95765b3,2992
阿迪达斯,187124,216,yysports童鞋旗舰店,https://store.taobao.com/shop/view_shop.htm?user_number_id=2901205208&rn=3ea8748a52b1d2877d16fadcc95765b3,312
阿迪达斯,187124,216,和沣运动户外专营店,https://store.taobao.com/shop/view_shop.htm?user_number_id=915894516&rn=3ea8748a52b1d2877d16fadcc95765b3,3783
阿迪达斯,187124,216,卓希运动专营店,https://store.taobao.com/shop/view_shop.htm?user_number_id=352183601&rn=3ea8748a52b1d2877d16fadcc95765b3,74
阿迪达斯,187124,216,全勇运动专营,https://store.taobao.com/shop/view_shop.htm?user_number_id=192694960&rn=3ea8748a52b1d2877d16fadcc95765b3,517
阿迪达斯,187124,216,悦凯运动专营店,https://store.taobao.com/shop/view_shop.htm?user_number_id=1105278280&rn=3ea8748a52b1d2877d16fadcc95765b3,76
阿迪达斯,187124,216,华冠运动专营店,https://store.taobao.com/shop/view_shop.htm?user_number_id=1060609459&rn=3ea8748a52b1d2877d16fadcc95765b3,109
阿迪达斯,187124,216,加州途锐运动专营店,https://store.taobao.com/shop/view_shop.htm?user_number_id=1664752604&rn=3ea8748a52b1d2877d16fadcc95765b3,564
阿迪达斯,187124,216,亨众运动户外专营店,https://store.taobao.com/shop/view_shop.htm?user_number_id=727404585&rn=3ea8748a52b1d2877d16fadcc95765b3,4032
阿迪达斯,187124,216,威乐运动专营店,https://store.taobao.com/shop/view_shop.htm?user_number_id=673890086&rn=3ea8748a52b1d2877d16fadcc95765b3,153
阿迪达斯,187124,216,adidasI徒专卖店,https://store.taobao.com/shop/view_shop.htm?user_number_id=4051150747&rn=3ea8748a52b1d2877d16fadcc95765b3,55
阿迪达斯,187124,216,仕稼运动专营店,https://store.taobao.com/shop/view_shop.htm?user_number_id=263363138&rn=3ea8748a52b1d2877d16fadcc95765b3,39
阿迪达斯,187124,216,myc潮流运动专营店,https://store.taobao.com/shop/view_shop.htm?user_number_id=115823344&rn=3ea8748a52b1d2877d16fadcc95765b3,130
阿迪达斯,187124,216,cawila海外旗舰店,https://store.taobao.com/shop/view_shop.htm?user_number_id=2885759375&rn=3ea8748a52b1d2877d16fadcc95765b3,593
阿迪达斯,187124,216,adidas足球旗舰店,https://store.taobao.com/shop/view_shop.htm?user_number_id=3900242952&rn=3ea8748a52b1d2877d16fadcc95765b3,530
阿迪达斯,187124,216,Clim海外旗舰店,https://store.taobao.com/shop/view_shop.htm?user_number_id=3402980386&rn=3ea8748a52b1d2877d16fadcc95765b3,28
阿迪达斯,187124,216,酷锐运动专营店,https://store.taobao.com/shop/view_shop.htm?user_number_id=654162011&rn=3ea8748a52b1d2877d16fadcc95765b3,2476
阿迪达斯,187124,216,羽翔体育用品专营店,https://store.taobao.com/shop/view_shop.htm?user_number_id=114746002&rn=3ea8748a52b1d2877d16fadcc95765b3,407
阿迪达斯,187124,216,杰之行运动专营店,https://store.taobao.com/shop/view_shop.htm?user_number_id=1870188602&rn=3ea8748a52b1d2877d16fadcc95765b3,474
阿迪达斯,187124,216,智凯运动专营店,https://store.taobao.com/shop/view_shop.htm?user_number_id=458288662&rn=2400b6b5a41277f278f433c60090c819,2064
阿迪达斯,187124,216,kiks旗舰店,https://store.taobao.com/shop/view_shop.htm?user_number_id=4023861176&rn=2400b6b5a41277f278f433c60090c819,34
阿迪达斯,187124,216,KICKSCREW海外旗舰店,https://store.taobao.com/shop/view_shop.htm?user_number_id=2201242968673&rn=2400b6b5a41277f278f433c60090c819,16
阿迪达斯,187124,216,启成运动专营店,https://store.taobao.com/shop/view_shop.htm?user_number_id=2786684144&rn=2400b6b5a41277f278f433c60090c819,1472
阿迪达斯,187124,216,搜货运动专营店,https://store.taobao.com/shop/view_shop.htm?user_number_id=3253532111&rn=2400b6b5a41277f278f433c60090c819,69
阿迪达斯,187124,216,迈乐舒运动专营店,https://store.taobao.com/shop/view_shop.htm?user_number_id=1729138498&rn=2400b6b5a41277f278f433c60090c819,38
阿迪达斯,187124,216,三分球运动专营店,https://store.taobao.com/shop/view_shop.htm?user_number_id=2732079320&rn=2400b6b5a41277f278f433c60090c819,1896
阿迪达斯,187124,216,耐动运动专营店,https://store.taobao.com/shop/view_shop.htm?user_number_id=2548803311&rn=2400b6b5a41277f278f433c60090c819,570
阿迪达斯,187124,216,行远运动专营店,https://store.taobao.com/shop/view_shop.htm?user_number_id=2097471157&rn=2400b6b5a41277f278f433c60090c819,165
阿迪达斯,187124,216,奥龙世博运动专营店,https://store.taobao.com/shop/view_shop.htm?user_number_id=3121409838&rn=2400b6b5a41277f278f433c60090c819,692
阿迪达斯,187124,216,银泰百货运动潮流旗舰店,https://store.taobao.com/shop/view_shop.htm?user_number_id=3927861518&rn=2400b6b5a41277f278f433c60090c819,184
阿迪达斯,187124,216,千之行运动专营店,https://store.taobao.com/shop/view_shop.htm?user_number_id=1784314386&rn=2400b6b5a41277f278f433c60090c819,2429
阿迪达斯,187124,216,运动世家服饰专营店,https://store.taobao.com/shop/view_shop.htm?user_number_id=199263125&rn=2400b6b5a41277f278f433c60090c819,905
阿迪达斯,187124,216,恬宇运动专营店,https://store.taobao.com/shop/view_shop.htm?user_number_id=1824506246&rn=2400b6b5a41277f278f433c60090c819,46
阿迪达斯,187124,216,天猫国际母婴直营,https://store.taobao.com/shop/view_shop.htm?user_number_id=2200657724932&rn=2400b6b5a41277f278f433c60090c819,21
阿迪达斯,187124,216,乐动运动户外专营店,https://store.taobao.com/shop/view_shop.htm?user_number_id=1113314630&rn=2400b6b5a41277f278f433c60090c819,391
阿迪达斯,187124,216,网天体育用品专营店,https://store.taobao.com/shop/view_shop.htm?user_number_id=196951120&rn=2400b6b5a41277f278f433c60090c819,1935
阿迪达斯,187124,216,伊仙娜服饰专营店,https://store.taobao.com/shop/view_shop.htm?user_number_id=1971711827&rn=2400b6b5a41277f278f433c60090c819,571
阿迪达斯,187124,216,新华都自由人旗舰店,https://store.taobao.com/shop/view_shop.htm?user_number_id=3886770493&rn=2400b6b5a41277f278f433c60090c819,311
阿迪达斯,187124,216,天猫超市,https://store.taobao.com/shop/view_shop.htm?user_number_id=725677994&rn=2400b6b5a41277f278f433c60090c819,36
阿迪达斯,187124,216,金腾运动专营店,https://store.taobao.com/shop/view_shop.htm?user_number_id=714469644&rn=0b5974fa223f76ba7d08ba9c5794d03f,2036
阿迪达斯,187124,216,锐豪outlets店,https://store.taobao.com/shop/view_shop.htm?user_number_id=2204171704802&rn=0b5974fa223f76ba7d08ba9c5794d03f,1084
阿迪达斯,187124,216,宝元鞋匠旗舰店,https://store.taobao.com/shop/view_shop.htm?user_number_id=1689925874&rn=0b5974fa223f76ba7d08ba9c5794d03f,299
阿迪达斯,187124,216,我爱我动球衣专营店,https://store.taobao.com/shop/view_shop.htm?user_number_id=174251014&rn=0b5974fa223f76ba7d08ba9c5794d03f,969
阿迪达斯,187124,216,LIKING海外旗舰店,https://store.taobao.com/shop/view_shop.htm?user_number_id=3081276392&rn=0b5974fa223f76ba7d08ba9c5794d03f,6
阿迪达斯,187124,216,聚为运动专营店,https://store.taobao.com/shop/view_shop.htm?user_number_id=725736385&rn=0b5974fa223f76ba7d08ba9c5794d03f,78
阿迪达斯,187124,216,adidas健身产品专卖店,https://store.taobao.com/shop/view_shop.htm?user_number_id=2787417447&rn=0b5974fa223f76ba7d08ba9c5794d03f,80
阿迪达斯,187124,216,皇家马德里海外旗舰店,https://store.taobao.com/shop/view_shop.htm?user_number_id=2587754791&rn=0b5974fa223f76ba7d08ba9c5794d03f,192
阿迪达斯,187124,216,康友运动专营店,https://store.taobao.com/shop/view_shop.htm?user_number_id=4085800621&rn=0b5974fa223f76ba7d08ba9c5794d03f,27
阿迪达斯,187124,216,锐速运动专营店,https://store.taobao.com/shop/view_shop.htm?user_number_id=1743019865&rn=0b5974fa223f76ba7d08ba9c5794d03f,742
阿迪达斯,187124,216,联合尚品运动户外专营店,https://store.taobao.com/shop/view_shop.htm?user_number_id=1103277449&rn=0b5974fa223f76ba7d08ba9c5794d03f,326
阿迪达斯,187124,216,adidas劲动专卖店,https://store.taobao.com/shop/view_shop.htm?user_number_id=2946486690&rn=0b5974fa223f76ba7d08ba9c5794d03f,29
阿迪达斯,187124,216,鞋万库旗舰店,https://store.taobao.com/shop/view_shop.htm?user_number_id=3410018448&rn=0b5974fa223f76ba7d08ba9c5794d03f,3026
阿迪达斯,187124,216,天猫国际美国直购,https://store.taobao.com/shop/view_shop.htm?user_number_id=2201230376636&rn=0b5974fa223f76ba7d08ba9c5794d03f,1163
阿迪达斯,187124,216,王府井百货官方旗舰店,https://store.taobao.com/shop/view_shop.htm?user_number_id=1956644263&rn=0b5974fa223f76ba7d08ba9c5794d03f,15
阿迪达斯,187124,216,钧崴运动户外专营店,https://store.taobao.com/shop/view_shop.htm?user_number_id=416205457&rn=0b5974fa223f76ba7d08ba9c5794d03f,64
阿迪达斯,187124,216,adidas阿迪达斯菲锐专卖店,https://store.taobao.com/shop/view_shop.htm?user_number_id=3313766946&rn=0b5974fa223f76ba7d08ba9c5794d03f,52
阿迪达斯,187124,216,axonus海外专营店,https://store.taobao.com/shop/view_shop.htm?user_number_id=1785908005&rn=0b5974fa223f76ba7d08ba9c5794d03f,11216
阿迪达斯,187124,216,奥达箱包专营店,https://store.taobao.com/shop/view_shop.htm?user_number_id=714360348&rn=0b5974fa223f76ba7d08ba9c5794d03f,105
阿迪达斯,187124,216,UrbanOutfitters海外旗舰店,https://store.taobao.com/shop/view_shop.htm?user_number_id=2963378149&rn=0b5974fa223f76ba7d08ba9c5794d03f,50
阿迪达斯,187124,216,阿迪达斯点妆专卖店,https://store.taobao.com/shop/view_shop.htm?user_number_id=3086119277&rn=aa07509a7a7bd40b09e9a20f90646b91,79
阿迪达斯,187124,216,尚拓化妆品专营店,https://store.taobao.com/shop/view_shop.htm?user_number_id=1050618159&rn=aa07509a7a7bd40b09e9a20f90646b91,29
阿迪达斯,187124,216,建槐化妆品专营店,https://store.taobao.com/shop/view_shop.htm?user_number_id=3336540204&rn=aa07509a7a7bd40b09e9a20f90646b91,75
阿迪达斯,187124,216,阿迪达斯太白专卖店,https://store.taobao.com/shop/view_shop.htm?user_number_id=4159347636&rn=aa07509a7a7bd40b09e9a20f90646b91,57
阿迪达斯,187124,216,卡色化妆品专营店,https://store.taobao.com/shop/view_shop.htm?user_number_id=1058590684&rn=aa07509a7a7bd40b09e9a20f90646b91,70
阿迪达斯,187124,216,酷威化妆品专营店,https://store.taobao.com/shop/view_shop.htm?user_number_id=2104603252&rn=aa07509a7a7bd40b09e9a20f90646b91,54
阿迪达斯,187124,216,adidas阿迪达斯菲跑专卖店,https://store.taobao.com/shop/view_shop.htm?user_number_id=3491464373&rn=aa07509a7a7bd40b09e9a20f90646b91,31
阿迪达斯,187124,216,威寰运动专营店,https://store.taobao.com/shop/view_shop.htm?user_number_id=1737765814&rn=aa07509a7a7bd40b09e9a20f90646b91,12
阿迪达斯,187124,216,吉才化妆品专营店,https://store.taobao.com/shop/view_shop.htm?user_number_id=3336018941&rn=aa07509a7a7bd40b09e9a20f90646b91,24
阿迪达斯,187124,216,宜动运动户外专营店,https://store.taobao.com/shop/view_shop.htm?user_number_id=3996339307&rn=aa07509a7a7bd40b09e9a20f90646b91,61
阿迪达斯,187124,216,佰欧家居专营店,https://store.taobao.com/shop/view_shop.htm?user_number_id=1963623490&rn=aa07509a7a7bd40b09e9a20f90646b91,85
阿迪达斯,187124,216,百朗运动专营店,https://store.taobao.com/shop/view_shop.htm?user_number_id=752132644&rn=aa07509a7a7bd40b09e9a20f90646b91,2535
阿迪达斯,187124,216,弘域童鞋专营店,https://store.taobao.com/shop/view_shop.htm?user_number_id=2415741532&rn=aa07509a7a7bd40b09e9a20f90646b91,27
阿迪达斯,187124,216,阿迪达斯欣妮专卖店,https://store.taobao.com/shop/view_shop.htm?user_number_id=2203540525582&rn=aa07509a7a7bd40b09e9a20f90646b91,98
阿迪达斯,187124,216,adidas亚昆专卖店,https://store.taobao.com/shop/view_shop.htm?user_number_id=3296203929&rn=aa07509a7a7bd40b09e9a20f90646b91,17
阿迪达斯,187124,216,solecool海外专营店,https://store.taobao.com/shop/view_shop.htm?user_number_id=2260887445&rn=aa07509a7a7bd40b09e9a20f90646b91,275
阿迪达斯,187124,216,汉俊运动休闲专营店,https://store.taobao.com/shop/view_shop.htm?user_number_id=196532854&rn=aa07509a7a7bd40b09e9a20f90646b91,4
阿迪达斯,187124,216,adidas阿迪达斯旭临专卖店,https://store.taobao.com/shop/view_shop.htm?user_number_id=3206444270&rn=aa07509a7a7bd40b09e9a20f90646b91,226
阿迪达斯,187124,216,ctk海外专营店,https://store.taobao.com/shop/view_shop.htm?user_number_id=2153169655&rn=aa07509a7a7bd40b09e9a20f90646b91,133
阿迪达斯,187124,216,楚亨家居专营店,https://store.taobao.com/shop/view_shop.htm?user_number_id=2237005560&rn=aa07509a7a7bd40b09e9a20f90646b91,45
阿迪达斯,187124,216,Spartoo海外旗舰店,https://store.taobao.com/shop/view_shop.htm?user_number_id=2999119381&rn=19ac4623a9423713a0098435b9b31c48,632
阿迪达斯,187124,216,adidas阿迪达斯未来专卖店,https://store.taobao.com/shop/view_shop.htm?user_number_id=3648216669&rn=19ac4623a9423713a0098435b9b31c48,170
阿迪达斯,187124,216,名图家居专营店,https://store.taobao.com/shop/view_shop.htm?user_number_id=2144043160&rn=19ac4623a9423713a0098435b9b31c48,88
阿迪达斯,187124,216,Axonus户外海外专营店,https://store.taobao.com/shop/view_shop.htm?user_number_id=2201054585649&rn=19ac4623a9423713a0098435b9b31c48,1802
阿迪达斯,187124,216,烽火体育运动旗舰店,https://store.taobao.com/shop/view_shop.htm?user_number_id=2206358579296&rn=19ac4623a9423713a0098435b9b31c48,249
阿迪达斯,187124,216,拜仁慕尼黑海外旗舰店,https://store.taobao.com/shop/view_shop.htm?user_number_id=2438008239&rn=19ac4623a9423713a0098435b9b31c48,49
阿迪达斯,187124,216,静速运动专营店,https://store.taobao.com/shop/view_shop.htm?user_number_id=753969079&rn=19ac4623a9423713a0098435b9b31c48,212
阿迪达斯,187124,216,微能量童鞋旗舰店,https://store.taobao.com/shop/view_shop.htm?user_number_id=2586495346&rn=19ac4623a9423713a0098435b9b31c48,96
阿迪达斯,187124,216,中合盈运动专营店,https://store.taobao.com/shop/view_shop.htm?user_number_id=443492966&rn=19ac4623a9423713a0098435b9b31c48,14
阿迪达斯,187124,216,阿迪达斯阿迈蒂尼专卖店,https://store.taobao.com/shop/view_shop.htm?user_number_id=2203091444560&rn=19ac4623a9423713a0098435b9b31c48,341
阿迪达斯,187124,216,adidas阿迪达斯耐斯专卖店,https://store.taobao.com/shop/view_shop.htm?user_number_id=3577196285&rn=19ac4623a9423713a0098435b9b31c48,197
阿迪达斯,187124,216,爱跃运动专营店,https://store.taobao.com/shop/view_shop.htm?user_number_id=2206403463778&rn=19ac4623a9423713a0098435b9b31c48,19
阿迪达斯,187124,216,中高通运动专营店,https://store.taobao.com/shop/view_shop.htm?user_number_id=1743854651&rn=19ac4623a9423713a0098435b9b31c48,239
阿迪达斯,187124,216,立臻运动专营店,https://store.taobao.com/shop/view_shop.htm?user_number_id=770927364&rn=19ac4623a9423713a0098435b9b31c48,430
阿迪达斯,187124,216,誊威母婴专营店,https://store.taobao.com/shop/view_shop.htm?user_number_id=2214121828&rn=19ac4623a9423713a0098435b9b31c48,32
阿迪达斯,187124,216,飞腾运动户外专营店,https://store.taobao.com/shop/view_shop.htm?user_number_id=436581114&rn=19ac4623a9423713a0098435b9b31c48,52
阿迪达斯,187124,216,adidas阿迪达斯傲神专卖店,https://store.taobao.com/shop/view_shop.htm?user_number_id=4139430974&rn=19ac4623a9423713a0098435b9b31c48,28
阿迪达斯,187124,216,艳婷美业家居专营店,https://store.taobao.com/shop/view_shop.htm?user_number_id=3081236399&rn=19ac4623a9423713a0098435b9b31c48,204
阿迪达斯,187124,216,TLSS足球专营店,https://store.taobao.com/shop/view_shop.htm?user_number_id=3468800371&rn=19ac4623a9423713a0098435b9b31c48,215
阿迪达斯,187124,216,健风运动专营店,https://store.taobao.com/shop/view_shop.htm?user_number_id=1014161878&rn=19ac4623a9423713a0098435b9b31c48,18
阿迪达斯,187124,216,魅力惠官方旗舰店,https://store.taobao.com/shop/view_shop.htm?user_number_id=2670830951&rn=eb7115940ac84527e1f511582915d614,4
阿迪达斯,187124,216,激想运动专营店,https://store.taobao.com/shop/view_shop.htm?user_number_id=751542590&rn=eb7115940ac84527e1f511582915d614,181
阿迪达斯,187124,216,贝倍宠母婴专营店,https://store.taobao.com/shop/view_shop.htm?user_number_id=2067149537&rn=eb7115940ac84527e1f511582915d614,69
阿迪达斯,187124,216,彭米母婴专营店,https://store.taobao.com/shop/view_shop.htm?user_number_id=2456637838&rn=eb7115940ac84527e1f511582915d614,85
阿迪达斯,187124,216,爱语母婴专营店,https://store.taobao.com/shop/view_shop.htm?user_number_id=731985285&rn=eb7115940ac84527e1f511582915d614,18
阿迪达斯,187124,216,庆元宏溢运动专营店,https://store.taobao.com/shop/view_shop.htm?user_number_id=676299624&rn=eb7115940ac84527e1f511582915d614,792
阿迪达斯,187124,216,阿迪达斯武搏专卖店,https://store.taobao.com/shop/view_shop.htm?user_number_id=3536420422&rn=eb7115940ac84527e1f511582915d614,67
阿迪达斯,187124,216,瑞派数码专营店,https://store.taobao.com/shop/view_shop.htm?user_number_id=683348364&rn=eb7115940ac84527e1f511582915d614,1
阿迪达斯,187124,216,绿梦运动专营店,https://store.taobao.com/shop/view_shop.htm?user_number_id=581446369&rn=eb7115940ac84527e1f511582915d614,111
阿迪达斯,187124,216,开兵团旗舰店,https://store.taobao.com/shop/view_shop.htm?user_number_id=3329661382&rn=81193842d1e13e2667d22338cd7df158,1
阿迪达斯,187124,216,Spartoo海外旗舰店,https://store.taobao.com/shop/view_shop.htm?user_number_id=2999119381&rn=81193842d1e13e2667d22338cd7df158,632
阿迪达斯,187124,216,adidas阿迪达斯未来专卖店,https://store.taobao.com/shop/view_shop.htm?user_number_id=3648216669&rn=81193842d1e13e2667d22338cd7df158,170
阿迪达斯,187124,216,名图家居专营店,https://store.taobao.com/shop/view_shop.htm?user_number_id=2144043160&rn=81193842d1e13e2667d22338cd7df158,88
阿迪达斯,187124,216,青春漫画旗舰店,https://store.taobao.com/shop/view_shop.htm?user_number_id=1026153155&rn=81193842d1e13e2667d22338cd7df158,10
阿迪达斯,187124,216,依兰蕾旗舰店,https://store.taobao.com/shop/view_shop.htm?user_number_id=3343200229&rn=81193842d1e13e2667d22338cd7df158,1
阿迪达斯,187124,216,屈臣氏官方旗舰店,https://store.taobao.com/shop/view_shop.htm?user_number_id=797517839&rn=81193842d1e13e2667d22338cd7df158,24
阿迪达斯,187124,216,甲骨文服饰专营店,https://store.taobao.com/shop/view_shop.htm?user_number_id=2248953615&rn=81193842d1e13e2667d22338cd7df158,1
阿迪达斯,187124,216,Axonus户外海外专营店,https://store.taobao.com/shop/view_shop.htm?user_number_id=2201054585649&rn=81193842d1e13e2667d22338cd7df158,1802
阿迪达斯,187124,216,奢米妮旗舰店,https://store.taobao.com/shop/view_shop.htm?user_number_id=2200990625710&rn=81193842d1e13e2667d22338cd7df158,1
阿迪达斯,187124,216,棉百俪旗舰店,https://store.taobao.com/shop/view_shop.htm?user_number_id=3792162666&rn=81193842d1e13e2667d22338cd7df158,1
阿迪达斯,187124,216,烽火体育运动旗舰店,https://store.taobao.com/shop/view_shop.htm?user_number_id=2206358579296&rn=81193842d1e13e2667d22338cd7df158,249
阿迪达斯,187124,216,拜仁慕尼黑海外旗舰店,https://store.taobao.com/shop/view_shop.htm?user_number_id=2438008239&rn=81193842d1e13e2667d22338cd7df158,56
阿迪达斯,187124,216,静速运动专营店,https://store.taobao.com/shop/view_shop.htm?user_number_id=753969079&rn=81193842d1e13e2667d22338cd7df158,213
阿迪达斯,187124,216,增士高旗舰店,https://store.taobao.com/shop/view_shop.htm?user_number_id=3377513203&rn=81193842d1e13e2667d22338cd7df158,1
阿迪达斯,187124,216,微能量童鞋旗舰店,https://store.taobao.com/shop/view_shop.htm?user_number_id=2586495346&rn=81193842d1e13e2667d22338cd7df158,97
阿迪达斯,187124,216,enl旗舰店,https://store.taobao.com/shop/view_shop.htm?user_number_id=3415575757&rn=81193842d1e13e2667d22338cd7df158,1
阿迪达斯,187124,216,中合盈运动专营店,https://store.taobao.com/shop/view_shop.htm?user_number_id=443492966&rn=81193842d1e13e2667d22338cd7df158,14
阿迪达斯,187124,216,阿迪达斯阿迈蒂尼专卖店,https://store.taobao.com/shop/view_shop.htm?user_number_id=2203091444560&rn=81193842d1e13e2667d22338cd7df158,341
阿迪达斯,187124,216,恋米浠旗舰店,https://store.taobao.com/shop/view_shop.htm?user_number_id=2201444922846&rn=81193842d1e13e2667d22338cd7df158,7
阿迪达斯,187124,216,卡美拉姿旗舰店,https://store.taobao.com/shop/view_shop.htm?user_number_id=773186833&rn=16bb7c591551918b6bbedede213fdb8a,2
阿迪达斯,187124,216,粘力达旗舰店,https://store.taobao.com/shop/view_shop.htm?user_number_id=1665790751&rn=16bb7c591551918b6bbedede213fdb8a,1
阿迪达斯,187124,216,adidas阿迪达斯耐斯专卖店,https://store.taobao.com/shop/view_shop.htm?user_number_id=3577196285&rn=16bb7c591551918b6bbedede213fdb8a,197
阿迪达斯,187124,216,漂姿旗舰店,https://store.taobao.com/shop/view_shop.htm?user_number_id=4117593710&rn=16bb7c591551918b6bbedede213fdb8a,16
阿迪达斯,187124,216,芯迈旗舰店,https://store.taobao.com/shop/view_shop.htm?user_number_id=4014910973&rn=16bb7c591551918b6bbedede213fdb8a,7
阿迪达斯,187124,216,众鑫森数码专营店,https://store.taobao.com/shop/view_shop.htm?user_number_id=3376882134&rn=16bb7c591551918b6bbedede213fdb8a,4
阿迪达斯,187124,216,德牧办公用品专营店,https://store.taobao.com/shop/view_shop.htm?user_number_id=1669190396&rn=16bb7c591551918b6bbedede213fdb8a,1
阿迪达斯,187124,216,爱跃运动专营店,https://store.taobao.com/shop/view_shop.htm?user_number_id=2206403463778&rn=16bb7c591551918b6bbedede213fdb8a,19
阿迪达斯,187124,216,功夫豹旗舰店,https://store.taobao.com/shop/view_shop.htm?user_number_id=2258878434&rn=16bb7c591551918b6bbedede213fdb8a,4
阿迪达斯,187124,216,中高通运动专营店,https://store.taobao.com/shop/view_shop.htm?user_number_id=1743854651&rn=16bb7c591551918b6bbedede213fdb8a,240
阿迪达斯,187124,216,梦尚妍旗舰店,https://store.taobao.com/shop/view_shop.htm?user_number_id=3283292326&rn=16bb7c591551918b6bbedede213fdb8a,1
阿迪达斯,187124,216,立臻运动专营店,https://store.taobao.com/shop/view_shop.htm?user_number_id=770927364&rn=16bb7c591551918b6bbedede213fdb8a,430
阿迪达斯,187124,216,仁之韵旗舰店,https://store.taobao.com/shop/view_shop.htm?user_number_id=3307586968&rn=16bb7c591551918b6bbedede213fdb8a,16
阿迪达斯,187124,216,誊威母婴专营店,https://store.taobao.com/shop/view_shop.htm?user_number_id=2214121828&rn=16bb7c591551918b6bbedede213fdb8a,32
阿迪达斯,187124,216,飞腾运动户外专营店,https://store.taobao.com/shop/view_shop.htm?user_number_id=436581114&rn=16bb7c591551918b6bbedede213fdb8a,52
阿迪达斯,187124,216,adidas阿迪达斯傲神专卖店,https://store.taobao.com/shop/view_shop.htm?user_number_id=4139430974&rn=16bb7c591551918b6bbedede213fdb8a,28
阿迪达斯,187124,216,艳婷美业家居专营店,https://store.taobao.com/shop/view_shop.htm?user_number_id=3081236399&rn=16bb7c591551918b6bbedede213fdb8a,204
阿迪达斯,187124,216,TLSS足球专营店,https://store.taobao.com/shop/view_shop.htm?user_number_id=3468800371&rn=16bb7c591551918b6bbedede213fdb8a,215
阿迪达斯,187124,216,健风运动专营店,https://store.taobao.com/shop/view_shop.htm?user_number_id=1014161878&rn=16bb7c591551918b6bbedede213fdb8a,18
阿迪达斯,187124,216,魔韵旗舰店,https://store.taobao.com/shop/view_shop.htm?user_number_id=2986459012&rn=16bb7c591551918b6bbedede213fdb8a,1
